adaugaUtilizator, 2026-05-29 13:40:10
adaugaUtilizator, 2026-05-29 13:40:10
adaugaUtilizator, 2026-05-29 13:40:10
adaugaCurs, 2026-05-29 13:40:10
adaugaCurs, 2026-05-29 13:40:10
adaugaLectie, 2026-05-29 13:40:10
adaugaLectie, 2026-05-29 13:40:10
adaugaQuiz, 2026-05-29 13:40:10
inscrieCursant, 2026-05-29 13:40:10
inscrieCursant, 2026-05-29 13:40:10
inscrieCursant, 2026-05-29 13:40:10
finalizeazaCurs, 2026-05-29 13:40:10
afiseazaUtilizatori, 2026-05-29 13:40:10
afiseazaCursuri, 2026-05-29 13:40:11
afiseazaCursuriCursant, 2026-05-29 13:40:11
afiseazaIntrebariQuiz, 2026-05-29 13:40:11
adaugaUtilizator, 2026-05-29 13:57:54
adaugaUtilizator, 2026-05-29 13:57:54
adaugaUtilizator, 2026-05-29 13:57:54
adaugaCurs, 2026-05-29 13:57:54
adaugaCurs, 2026-05-29 13:57:54
adaugaLectie, 2026-05-29 13:57:54
adaugaLectie, 2026-05-29 13:57:54
adaugaQuiz, 2026-05-29 13:57:54
inscrieCursant, 2026-05-29 13:57:54
inscrieCursant, 2026-05-29 13:57:54
inscrieCursant, 2026-05-29 13:57:54
finalizeazaCurs, 2026-05-29 13:57:54
afiseazaUtilizatori, 2026-05-29 13:57:54
afiseazaCursuri, 2026-05-29 13:57:54
afiseazaCursuriCursant, 2026-05-29 13:57:54
afiseazaIntrebariQuiz, 2026-05-29 13:57:54
adaugaUtilizator, 2026-05-29 13:57:54
adaugaUtilizator, 2026-05-29 13:57:54
adaugaUtilizator, 2026-05-29 13:57:54
adaugaCurs, 2026-05-29 13:57:54
adaugaCurs, 2026-05-29 13:57:54
adaugaLectie, 2026-05-29 13:57:54
adaugaLectie, 2026-05-29 13:57:54
adaugaQuiz, 2026-05-29 13:57:54
inscrieCursant, 2026-05-29 13:57:54
inscrieCursant, 2026-05-29 13:57:54
inscrieCursant, 2026-05-29 13:57:54
finalizeazaCurs, 2026-05-29 13:57:54
afiseazaUtilizatori, 2026-05-29 13:57:54
afiseazaCursuri, 2026-05-29 13:57:55
afiseazaCursuriCursant, 2026-05-29 13:57:55
afiseazaIntrebariQuiz, 2026-05-29 13:57:55
